File,ChangeType,FileHuman,WorkingDir,PrevName,severity,severityIcon
cleanDataServices/DataCloudGeoLocation.cleanDataService-meta.xml," ",CleanDataService DataCloudGeoLocation,M,,log,ðŸ“°
dataSourceObjects/Account_Home.dataSourceObject-meta.xml,A,dataSourceObjects/Account_Home.dataSourceObject-meta.xml,,,log,ðŸ“°
dataSourceObjects/UserRole_Home.dataSourceObject-meta.xml,A,dataSourceObjects/UserRole_Home.dataSourceObject-meta.xml,,,log,ðŸ“°
dataStreamDefinitions/Account_Home.dataStreamDefinition-meta.xml,A,DataStreamDefinition Account_Home,,,log,ðŸ“°
dataStreamDefinitions/UserRole_Home.dataStreamDefinition-meta.xml,A,DataStreamDefinition UserRole_Home,,,log,ðŸ“°
datacategorygroups/Global_Categories.datacategorygroup-meta.xml," ",DataCategoryGroup Global_Categories,M,,log,ðŸ“°
externalAIModels/HAWKING_ARTICLE_RECOMMENDATION_1762821641251.externalAIModel-meta.xml," ",externalAIModels/HAWKING_ARTICLE_RECOMMENDATION_1762821641251.externalAIModel-meta.xml,M,,log,ðŸ“°
externalAIModels/HAWKING_ARTICLE_RECOMMENDATION_1763081746879.externalAIModel-meta.xml,A,externalAIModels/HAWKING_ARTICLE_RECOMMENDATION_1763081746879.externalAIModel-meta.xml,,,log,ðŸ“°
externalAIModels/HAWKING_FAQ_1762907447221.externalAIModel-meta.xml," ",externalAIModels/HAWKING_FAQ_1762907447221.externalAIModel-meta.xml,M,,log,ðŸ“°
externalAIModels/HAWKING_FAQ_1763080674582.externalAIModel-meta.xml,A,externalAIModels/HAWKING_FAQ_1763080674582.externalAIModel-meta.xml,,,log,ðŸ“°
externalAIModels/HAWKING_FAQ_1763080674628.externalAIModel-meta.xml,A,externalAIModels/HAWKING_FAQ_1763080674628.externalAIModel-meta.xml,,,log,ðŸ“°
externalAIModels/HAWKING_FAQ_1763080901646.externalAIModel-meta.xml,A,externalAIModels/HAWKING_FAQ_1763080901646.externalAIModel-meta.xml,,,log,ðŸ“°
flexipages/Default_Contact_Layout.flexipage-meta.xml," ",FlexiPage Default_Contact_Layout,M,,log,ðŸ“°
messagingChannels/Login_Help.messagingChannel-meta.xml," ",MessagingChannel Login_Help,M,,log,ðŸ“°
messagingChannels/Omni_Messaging.messagingChannel-meta.xml," ",MessagingChannel Omni_Messaging,M,,log,ðŸ“°
messagingChannels/Sales_Chat.messagingChannel-meta.xml," ",MessagingChannel Sales_Chat,M,,log,ðŸ“°
mktDataTranObjects/Account_Home.mktDataTranObject-meta.xml,A,MktDataTranObject Account_Home,,,log,ðŸ“°
mktDataTranObjects/UserRole_Home.mktDataTranObject-meta.xml,A,MktDataTranObject UserRole_Home,,,log,ðŸ“°
objectSourceTargetMaps/Account_Home_map_Account_Home_1763079822343.objectSourceTargetMap-meta.xml,A,ObjectSourceTargetMap Account_Home_map_Account_Home_1763079822343,,,log,ðŸ“°
objectSourceTargetMaps/UserRole_Home_map_UserRole_Home_1763080258007.objectSourceTargetMap-meta.xml,A,ObjectSourceTargetMap UserRole_Home_map_UserRole_Home_1763080258007,,,log,ðŸ“°
objects/Account_Home__dll/Account_Home__dll.object-meta.xml,A,CustomObject Account_Home__dll/Account_Home__dll,,,log,ðŸ“°
objects/Account_Home__dll/fields/AccountNumber__c.field-meta.xml,A,CustomField AccountNumber__c,,,log,ðŸ“°
objects/Account_Home__dll/fields/AccountSource__c.field-meta.xml,A,CustomField AccountSource__c,,,log,ðŸ“°
objects/Account_Home__dll/fields/Accounts_c__c.field-meta.xml,A,CustomField Accounts_c__c,,,log,ðŸ“°
objects/Account_Home__dll/fields/ActivityMetricId__c.field-meta.xml,A,CustomField ActivityMetricId__c,,,log,ðŸ“°
objects/Account_Home__dll/fields/ActivityMetricRollupId__c.field-meta.xml,A,CustomField ActivityMetricRollupId__c,,,log,ðŸ“°
objects/Account_Home__dll/fields/All_Traffic_Sources_c__c.field-meta.xml,A,CustomField All_Traffic_Sources_c__c,,,log,ðŸ“°
objects/Account_Home__dll/fields/AnnualRevenue__c.field-meta.xml,A,CustomField AnnualRevenue__c,,,log,ðŸ“°
objects/Account_Home__dll/fields/Asset_Manager_c__c.field-meta.xml,A,CustomField Asset_Manager_c__c,,,log,ðŸ“°
objects/Account_Home__dll/fields/Auto_Enrollment_c__c.field-meta.xml,A,CustomField Auto_Enrollment_c__c,,,log,ðŸ“°
objects/Account_Home__dll/fields/BD_Parent_c__c.field-meta.xml,A,CustomField BD_Parent_c__c,,,log,ðŸ“°
objects/Account_Home__dll/fields/BD_Type_c__c.field-meta.xml,A,CustomField BD_Type_c__c,,,log,ðŸ“°
objects/Account_Home__dll/fields/BillingCity__c.field-meta.xml,A,CustomField BillingCity__c,,,log,ðŸ“°
objects/Account_Home__dll/fields/BillingCountryCode__c.field-meta.xml,A,CustomField BillingCountryCode__c,,,log,ðŸ“°
objects/Account_Home__dll/fields/BillingCountry__c.field-meta.xml,A,CustomField BillingCountry__c,,,log,ðŸ“°
objects/Account_Home__dll/fields/BillingGeocodeAccuracy__c.field-meta.xml,A,CustomField BillingGeocodeAccuracy__c,,,log,ðŸ“°
objects/Account_Home__dll/fields/BillingLatitude__c.field-meta.xml,A,CustomField BillingLatitude__c,,,log,ðŸ“°
objects/Account_Home__dll/fields/BillingLongitude__c.field-meta.xml,A,CustomField BillingLongitude__c,,,log,ðŸ“°
objects/Account_Home__dll/fields/BillingPostalCode__c.field-meta.xml,A,CustomField BillingPostalCode__c,,,log,ðŸ“°
objects/Account_Home__dll/fields/BillingStateCode__c.field-meta.xml,A,CustomField BillingStateCode__c,,,log,ðŸ“°
objects/Account_Home__dll/fields/BillingState__c.field-meta.xml,A,CustomField BillingState__c,,,log,ðŸ“°
objects/Account_Home__dll/fields/BillingStreet__c.field-meta.xml,A,CustomField BillingStreet__c,,,log,ðŸ“°
objects/Account_Home__dll/fields/Campaign_code_c__c.field-meta.xml,A,CustomField Campaign_code_c__c,,,log,ðŸ“°
objects/Account_Home__dll/fields/ChannelProgramLevelName__c.field-meta.xml,A,CustomField ChannelProgramLevelName__c,,,log,ðŸ“°
objects/Account_Home__dll/fields/ChannelProgramName__c.field-meta.xml,A,CustomField ChannelProgramName__c,,,log,ðŸ“°
objects/Account_Home__dll/fields/Channel_c__c.field-meta.xml,A,CustomField Channel_c__c,,,log,ðŸ“°
objects/Account_Home__dll/fields/Client_Support_Teams_c__c.field-meta.xml,A,CustomField Client_Support_Teams_c__c,,,log,ðŸ“°
objects/Account_Home__dll/fields/Company_size_c__c.field-meta.xml,A,CustomField Company_size_c__c,,,log,ðŸ“°
objects/Account_Home__dll/fields/Competitive_Summary_c__c.field-meta.xml,A,CustomField Competitive_Summary_c__c,,,log,ðŸ“°
objects/Account_Home__dll/fields/ConnectionReceivedId__c.field-meta.xml,A,CustomField ConnectionReceivedId__c,,,log,ðŸ“°
objects/Account_Home__dll/fields/ConnectionSentId__c.field-meta.xml,A,CustomField ConnectionSentId__c,,,log,ðŸ“°
objects/Account_Home__dll/fields/CreatedById__c.field-meta.xml,A,CustomField CreatedById__c,,,log,ðŸ“°
objects/Account_Home__dll/fields/CreatedDate__c.field-meta.xml,A,CustomField CreatedDate__c,,,log,ðŸ“°
objects/Account_Home__dll/fields/Current_Plan_c__c.field-meta.xml,A,CustomField Current_Plan_c__c,,,log,ðŸ“°
objects/Account_Home__dll/fields/Custodian_c__c.field-meta.xml,A,CustomField Custodian_c__c,,,log,ðŸ“°
objects/Account_Home__dll/fields/DOZISF_ZoomInfo_Enrich_Status_c__c.field-meta.xml,A,CustomField DOZISF_ZoomInfo_Enrich_Status_c__c,,,log,ðŸ“°
objects/Account_Home__dll/fields/DOZISF_ZoomInfo_First_Updated_c__c.field-meta.xml,A,CustomField DOZISF_ZoomInfo_First_Updated_c__c,,,log,ðŸ“°
objects/Account_Home__dll/fields/DOZISF_ZoomInfo_Id_c__c.field-meta.xml,A,CustomField DOZISF_ZoomInfo_Id_c__c,,,log,ðŸ“°
objects/Account_Home__dll/fields/DOZISF_ZoomInfo_InboxAI_ID_c__c.field-meta.xml,A,CustomField DOZISF_ZoomInfo_InboxAI_ID_c__c,,,log,ðŸ“°
objects/Account_Home__dll/fields/DOZISF_ZoomInfo_Last_Updated_c__c.field-meta.xml,A,CustomField DOZISF_ZoomInfo_Last_Updated_c__c,,,log,ðŸ“°
objects/Account_Home__dll/fields/DataSourceObject__c.field-meta.xml,A,CustomField DataSourceObject__c,,,log,ðŸ“°
objects/Account_Home__dll/fields/DataSource__c.field-meta.xml,A,CustomField DataSource__c,,,log,ðŸ“°
objects/Account_Home__dll/fields/Date_last_shopped_c__c.field-meta.xml,A,CustomField Date_last_shopped_c__c,,,log,ðŸ“°
objects/Account_Home__dll/fields/Description__c.field-meta.xml,A,CustomField Description__c,,,log,ðŸ“°
objects/Account_Home__dll/fields/DesiredPlanStartDate_c__c.field-meta.xml,A,CustomField DesiredPlanStartDate_c__c,,,log,ðŸ“°
objects/Account_Home__dll/fields/Employer_Identification_Number_EIN_c__c.field-meta.xml,A,CustomField Employer_Identification_Number_EIN_c__c,,,log,ðŸ“°
objects/Account_Home__dll/fields/Fax__c.field-meta.xml,A,CustomField Fax__c,,,log,ðŸ“°
objects/Account_Home__dll/fields/Fund_List_c__c.field-meta.xml,A,CustomField Fund_List_c__c,,,log,ðŸ“°
objects/Account_Home__dll/fields/GA_Client_ID_Formula_c__c.field-meta.xml,A,CustomField GA_Client_ID_Formula_c__c,,,log,ðŸ“°
objects/Account_Home__dll/fields/How_did_you_hear_about_us_c__c.field-meta.xml,A,CustomField How_did_you_hear_about_us_c__c,,,log,ðŸ“°
objects/Account_Home__dll/fields/How_did_you_hear_about_us_details_c__c.field-meta.xml,A,CustomField How_did_you_hear_about_us_details_c__c,,,log,ðŸ“°
objects/Account_Home__dll/fields/Id__c.field-meta.xml,A,CustomField Id__c,,,log,ðŸ“°
objects/Account_Home__dll/fields/Industry__c.field-meta.xml,A,CustomField Industry__c,,,log,ðŸ“°
objects/Account_Home__dll/fields/Investment_selection_c__c.field-meta.xml,A,CustomField Investment_selection_c__c,,,log,ðŸ“°
objects/Account_Home__dll/fields/Investments_c__c.field-meta.xml,A,CustomField Investments_c__c,,,log,ðŸ“°
objects/Account_Home__dll/fields/IsCustomerPortal__c.field-meta.xml,A,CustomField IsCustomerPortal__c,,,log,ðŸ“°
objects/Account_Home__dll/fields/IsDeleted__c.field-meta.xml,A,CustomField IsDeleted__c,,,log,ðŸ“°
objects/Account_Home__dll/fields/IsPartner__c.field-meta.xml,A,CustomField IsPartner__c,,,log,ðŸ“°
objects/Account_Home__dll/fields/IsPriorityRecord__c.field-meta.xml,A,CustomField IsPriorityRecord__c,,,log,ðŸ“°
objects/Account_Home__dll/fields/JigsawCompanyId__c.field-meta.xml,A,CustomField JigsawCompanyId__c,,,log,ðŸ“°
objects/Account_Home__dll/fields/Jigsaw__c.field-meta.xml,A,CustomField Jigsaw__c,,,log,ðŸ“°
objects/Account_Home__dll/fields/KQ_Id__c.field-meta.xml,A,CustomField KQ_Id__c,,,log,ðŸ“°
objects/Account_Home__dll/fields/Knows_Rep_c__c.field-meta.xml,A,CustomField Knows_Rep_c__c,,,log,ðŸ“°
objects/Account_Home__dll/fields/LID_LinkedIn_Company_Id_c__c.field-meta.xml,A,CustomField LID_LinkedIn_Company_Id_c__c,,,log,ðŸ“°
objects/Account_Home__dll/fields/LastActivityDate__c.field-meta.xml,A,CustomField LastActivityDate__c,,,log,ðŸ“°
objects/Account_Home__dll/fields/LastModifiedById__c.field-meta.xml,A,CustomField LastModifiedById__c,,,log,ðŸ“°
objects/Account_Home__dll/fields/LastModifiedDate__c.field-meta.xml,A,CustomField LastModifiedDate__c,,,log,ðŸ“°
objects/Account_Home__dll/fields/LastReferencedDate__c.field-meta.xml,A,CustomField LastReferencedDate__c,,,log,ðŸ“°
objects/Account_Home__dll/fields/LastViewedDate__c.field-meta.xml,A,CustomField LastViewedDate__c,,,log,ðŸ“°
objects/Account_Home__dll/fields/MasterRecordId__c.field-meta.xml,A,CustomField MasterRecordId__c,,,log,ðŸ“°
objects/Account_Home__dll/fields/Message_from_Lead_c__c.field-meta.xml,A,CustomField Message_from_Lead_c__c,,,log,ðŸ“°
objects/Account_Home__dll/fields/Multiple_Business_c__c.field-meta.xml,A,CustomField Multiple_Business_c__c,,,log,ðŸ“°
objects/Account_Home__dll/fields/Name__c.field-meta.xml,A,CustomField Name__c,,,log,ðŸ“°
objects/Account_Home__dll/fields/New_Comp_c__c.field-meta.xml,A,CustomField New_Comp_c__c,,,log,ðŸ“°
objects/Account_Home__dll/fields/NumberOfEmployees__c.field-meta.xml,A,CustomField NumberOfEmployees__c,,,log,ðŸ“°
objects/Account_Home__dll/fields/Ongoing_Service_Issues_c__c.field-meta.xml,A,CustomField Ongoing_Service_Issues_c__c,,,log,ðŸ“°
objects/Account_Home__dll/fields/Other_Payroll_Provider_c__c.field-meta.xml,A,CustomField Other_Payroll_Provider_c__c,,,log,ðŸ“°
objects/Account_Home__dll/fields/Other_c__c.field-meta.xml,A,CustomField Other_c__c,,,log,ðŸ“°
objects/Account_Home__dll/fields/OwnerId__c.field-meta.xml,A,CustomField OwnerId__c,,,log,ðŸ“°
objects/Account_Home__dll/fields/PCRAAnnualFee_c__c.field-meta.xml,A,CustomField PCRAAnnualFee_c__c,,,log,ðŸ“°
objects/Account_Home__dll/fields/ParentId__c.field-meta.xml,A,CustomField ParentId__c,,,log,ðŸ“°
objects/Account_Home__dll/fields/Partner_Integration_Type_c__c.field-meta.xml,A,CustomField Partner_Integration_Type_c__c,,,log,ðŸ“°
objects/Account_Home__dll/fields/PayPartner_c__c.field-meta.xml,A,CustomField PayPartner_c__c,,,log,ðŸ“°
objects/Account_Home__dll/fields/Payroll_Provider_c__c.field-meta.xml,A,CustomField Payroll_Provider_c__c,,,log,ðŸ“°
objects/Account_Home__dll/fields/Payroll_Submission_Type_c__c.field-meta.xml,A,CustomField Payroll_Submission_Type_c__c,,,log,ðŸ“°
objects/Account_Home__dll/fields/Payroll_partner_notes_c__c.field-meta.xml,A,CustomField Payroll_partner_notes_c__c,,,log,ðŸ“°
objects/Account_Home__dll/fields/Phone__c.field-meta.xml,A,CustomField Phone__c,,,log,ðŸ“°
objects/Account_Home__dll/fields/PhotoUrl__c.field-meta.xml,A,CustomField PhotoUrl__c,,,log,ðŸ“°
objects/Account_Home__dll/fields/Priority_c__c.field-meta.xml,A,CustomField Priority_c__c,,,log,ðŸ“°
objects/Account_Home__dll/fields/RecordTypeId__c.field-meta.xml,A,CustomField RecordTypeId__c,,,log,ðŸ“°
objects/Account_Home__dll/fields/Record_Keeping_System_c__c.field-meta.xml,A,CustomField Record_Keeping_System_c__c,,,log,ðŸ“°
objects/Account_Home__dll/fields/Relationship_Manager_c__c.field-meta.xml,A,CustomField Relationship_Manager_c__c,,,log,ðŸ“°
objects/Account_Home__dll/fields/Revenue_Share_Option_c__c.field-meta.xml,A,CustomField Revenue_Share_Option_c__c,,,log,ðŸ“°
objects/Account_Home__dll/fields/Safe_Harbor_c__c.field-meta.xml,A,CustomField Safe_Harbor_c__c,,,log,ðŸ“°
objects/Account_Home__dll/fields/Sales_Notes_c__c.field-meta.xml,A,CustomField Sales_Notes_c__c,,,log,ðŸ“°
objects/Account_Home__dll/fields/Service_Option_c__c.field-meta.xml,A,CustomField Service_Option_c__c,,,log,ðŸ“°
objects/Account_Home__dll/fields/Setup_fee_c__c.field-meta.xml,A,CustomField Setup_fee_c__c,,,log,ðŸ“°
objects/Account_Home__dll/fields/SfdcOrganizationId__c.field-meta.xml,A,CustomField SfdcOrganizationId__c,,,log,ðŸ“°
objects/Account_Home__dll/fields/SicDesc__c.field-meta.xml,A,CustomField SicDesc__c,,,log,ðŸ“°
objects/Account_Home__dll/fields/Sic__c.field-meta.xml,A,CustomField Sic__c,,,log,ðŸ“°
objects/Account_Home__dll/fields/Software_Vendor_Payroll_c__c.field-meta.xml,A,CustomField Software_Vendor_Payroll_c__c,,,log,ðŸ“°
objects/Account_Home__dll/fields/SourceSystemIdentifier__c.field-meta.xml,A,CustomField SourceSystemIdentifier__c,,,log,ðŸ“°
objects/Account_Home__dll/fields/SpecialFees_c__c.field-meta.xml,A,CustomField SpecialFees_c__c,,,log,ðŸ“°
objects/Account_Home__dll/fields/Strategic_Partner_c__c.field-meta.xml,A,CustomField Strategic_Partner_c__c,,,log,ðŸ“°
objects/Account_Home__dll/fields/SystemModstamp__c.field-meta.xml,A,CustomField SystemModstamp__c,,,log,ðŸ“°
objects/Account_Home__dll/fields/Timeframe_c__c.field-meta.xml,A,CustomField Timeframe_c__c,,,log,ðŸ“°
objects/Account_Home__dll/fields/TimezoneDELETE_c__c.field-meta.xml,A,CustomField TimezoneDELETE_c__c,,,log,ðŸ“°
objects/Account_Home__dll/fields/Type__c.field-meta.xml,A,CustomField Type__c,,,log,ðŸ“°
objects/Account_Home__dll/fields/TypeofBusiness_c__c.field-meta.xml,A,CustomField TypeofBusiness_c__c,,,log,ðŸ“°
objects/Account_Home__dll/fields/Volume_Level_c__c.field-meta.xml,A,CustomField Volume_Level_c__c,,,log,ðŸ“°
objects/Account_Home__dll/fields/Website__c.field-meta.xml,A,CustomField Website__c,,,log,ðŸ“°
objects/Account_Home__dll/fields/affectlayer_AffectLayer_Notes_c__c.field-meta.xml,A,CustomField affectlayer_AffectLayer_Notes_c__c,,,log,ðŸ“°
objects/Account_Home__dll/fields/affectlayer_IsCreatedByChorusZI_c__c.field-meta.xml,A,CustomField affectlayer_IsCreatedByChorusZI_c__c,,,log,ðŸ“°
objects/Account_Home__dll/fields/cdp_sys_SourceVersion__c.field-meta.xml,A,CustomField cdp_sys_SourceVersion__c,,,log,ðŸ“°
objects/Account_Home__dll/fields/cdp_sys_record_currency__c.field-meta.xml,A,CustomField cdp_sys_record_currency__c,,,log,ðŸ“°
objects/Account_Home__dll/fields/gaconnector_Browser_c__c.field-meta.xml,A,CustomField gaconnector_Browser_c__c,,,log,ðŸ“°
objects/Account_Home__dll/fields/gaconnector_City_c__c.field-meta.xml,A,CustomField gaconnector_City_c__c,,,log,ðŸ“°
objects/Account_Home__dll/fields/gaconnector_Country_c__c.field-meta.xml,A,CustomField gaconnector_Country_c__c,,,log,ðŸ“°
objects/Account_Home__dll/fields/gaconnector_Device_c__c.field-meta.xml,A,CustomField gaconnector_Device_c__c,,,log,ðŸ“°
objects/Account_Home__dll/fields/gaconnector_First_Click_Campaign_c__c.field-meta.xml,A,CustomField gaconnector_First_Click_Campaign_c__c,,,log,ðŸ“°
objects/Account_Home__dll/fields/gaconnector_First_Click_Channel_c__c.field-meta.xml,A,CustomField gaconnector_First_Click_Channel_c__c,,,log,ðŸ“°
objects/Account_Home__dll/fields/gaconnector_First_Click_Content_c__c.field-meta.xml,A,CustomField gaconnector_First_Click_Content_c__c,,,log,ðŸ“°
objects/Account_Home__dll/fields/gaconnector_First_Click_Landing_Page_c__c.field-meta.xml,A,CustomField gaconnector_First_Click_Landing_Page_c__c,,,log,ðŸ“°
objects/Account_Home__dll/fields/gaconnector_First_Click_Medium_c__c.field-meta.xml,A,CustomField gaconnector_First_Click_Medium_c__c,,,log,ðŸ“°
objects/Account_Home__dll/fields/gaconnector_First_Click_Referrer_c__c.field-meta.xml,A,CustomField gaconnector_First_Click_Referrer_c__c,,,log,ðŸ“°
objects/Account_Home__dll/fields/gaconnector_First_Click_Source_c__c.field-meta.xml,A,CustomField gaconnector_First_Click_Source_c__c,,,log,ðŸ“°
objects/Account_Home__dll/fields/gaconnector_First_Click_Term_c__c.field-meta.xml,A,CustomField gaconnector_First_Click_Term_c__c,,,log,ðŸ“°
objects/Account_Home__dll/fields/gaconnector_GCLID_c__c.field-meta.xml,A,CustomField gaconnector_GCLID_c__c,,,log,ðŸ“°
objects/Account_Home__dll/fields/gaconnector_Google_Analytics_Client_ID_c__c.field-meta.xml,A,CustomField gaconnector_Google_Analytics_Client_ID_c__c,,,log,ðŸ“°
objects/Account_Home__dll/fields/gaconnector_Google_Analytics_Link_c__c.field-meta.xml,A,CustomField gaconnector_Google_Analytics_Link_c__c,,,log,ðŸ“°
objects/Account_Home__dll/fields/gaconnector_IP_Address_c__c.field-meta.xml,A,CustomField gaconnector_IP_Address_c__c,,,log,ðŸ“°
objects/Account_Home__dll/fields/gaconnector_Last_Click_Campaign_c__c.field-meta.xml,A,CustomField gaconnector_Last_Click_Campaign_c__c,,,log,ðŸ“°
objects/Account_Home__dll/fields/gaconnector_Last_Click_Channel_c__c.field-meta.xml,A,CustomField gaconnector_Last_Click_Channel_c__c,,,log,ðŸ“°
objects/Account_Home__dll/fields/gaconnector_Last_Click_Content_c__c.field-meta.xml,A,CustomField gaconnector_Last_Click_Content_c__c,,,log,ðŸ“°
objects/Account_Home__dll/fields/gaconnector_Last_Click_Landing_Page_c__c.field-meta.xml,A,CustomField gaconnector_Last_Click_Landing_Page_c__c,,,log,ðŸ“°
objects/Account_Home__dll/fields/gaconnector_Last_Click_Medium_c__c.field-meta.xml,A,CustomField gaconnector_Last_Click_Medium_c__c,,,log,ðŸ“°
objects/Account_Home__dll/fields/gaconnector_Last_Click_Referrer_c__c.field-meta.xml,A,CustomField gaconnector_Last_Click_Referrer_c__c,,,log,ðŸ“°
objects/Account_Home__dll/fields/gaconnector_Last_Click_Source_c__c.field-meta.xml,A,CustomField gaconnector_Last_Click_Source_c__c,,,log,ðŸ“°
objects/Account_Home__dll/fields/gaconnector_Last_Click_Term_c__c.field-meta.xml,A,CustomField gaconnector_Last_Click_Term_c__c,,,log,ðŸ“°
objects/Account_Home__dll/fields/gaconnector_Latitude_from_IP_c__c.field-meta.xml,A,CustomField gaconnector_Latitude_from_IP_c__c,,,log,ðŸ“°
objects/Account_Home__dll/fields/gaconnector_Location_approx_c__c.field-meta.xml,A,CustomField gaconnector_Location_approx_c__c,,,log,ðŸ“°
objects/Account_Home__dll/fields/gaconnector_Longitude_c__c.field-meta.xml,A,CustomField gaconnector_Longitude_c__c,,,log,ðŸ“°
objects/Account_Home__dll/fields/gaconnector_Number_of_Website_Visits_c__c.field-meta.xml,A,CustomField gaconnector_Number_of_Website_Visits_c__c,,,log,ðŸ“°
objects/Account_Home__dll/fields/gaconnector_Operating_System_c__c.field-meta.xml,A,CustomField gaconnector_Operating_System_c__c,,,log,ðŸ“°
objects/Account_Home__dll/fields/gaconnector_Pages_visited_c__c.field-meta.xml,A,CustomField gaconnector_Pages_visited_c__c,,,log,ðŸ“°
objects/Account_Home__dll/fields/gaconnector_Time_Spent_on_Website_c__c.field-meta.xml,A,CustomField gaconnector_Time_Spent_on_Website_c__c,,,log,ðŸ“°
objects/Account_Home__dll/fields/gaconnector_Time_Spent_on_Website_formul__c.field-meta.xml,A,CustomField gaconnector_Time_Spent_on_Website_formul__c,,,log,ðŸ“°
objects/Account_Home__dll/fields/gaconnector_Time_Zone_c__c.field-meta.xml,A,CustomField gaconnector_Time_Zone_c__c,,,log,ðŸ“°
objects/Account_Home__dll/fields/x1stbilldate_c__c.field-meta.xml,A,CustomField x1stbilldate_c__c,,,log,ðŸ“°
objects/Account_Home__dll/fields/x401kProvider_c__c.field-meta.xml,A,CustomField x401kProvider_c__c,,,log,ðŸ“°
objects/Account_Home__dll/fields/zzCONVERSIONFEE_c__c.field-meta.xml,A,CustomField zzCONVERSIONFEE_c__c,,,log,ðŸ“°
objects/Knowledge__kav/listViews/published_articles.listView-meta.xml," ",ListView published_articles,M,,log,ðŸ“°
objects/Partner_Partner_Association__c/fields/Owner__c.field-meta.xml,A,CustomField Owner__c,,,log,ðŸ“°
objects/UserRole_Home__dll/UserRole_Home__dll.object-meta.xml,A,CustomObject UserRole_Home__dll/UserRole_Home__dll,,,log,ðŸ“°
objects/UserRole_Home__dll/fields/CaseAccessForAccountOwner__c.field-meta.xml,A,CustomField CaseAccessForAccountOwner__c,,,log,ðŸ“°
objects/UserRole_Home__dll/fields/ContactAccessForAccountOwner__c.field-meta.xml,A,CustomField ContactAccessForAccountOwner__c,,,log,ðŸ“°
objects/UserRole_Home__dll/fields/DataSourceObject__c.field-meta.xml,A,CustomField DataSourceObject__c,,,log,ðŸ“°
objects/UserRole_Home__dll/fields/DataSource__c.field-meta.xml,A,CustomField DataSource__c,,,log,ðŸ“°
objects/UserRole_Home__dll/fields/DeveloperName__c.field-meta.xml,A,CustomField DeveloperName__c,,,log,ðŸ“°
objects/UserRole_Home__dll/fields/ForecastUserId__c.field-meta.xml,A,CustomField ForecastUserId__c,,,log,ðŸ“°
objects/UserRole_Home__dll/fields/Id__c.field-meta.xml,A,CustomField Id__c,,,log,ðŸ“°
objects/UserRole_Home__dll/fields/KQ_Id__c.field-meta.xml,A,CustomField KQ_Id__c,,,log,ðŸ“°
objects/UserRole_Home__dll/fields/LastModifiedById__c.field-meta.xml,A,CustomField LastModifiedById__c,,,log,ðŸ“°
objects/UserRole_Home__dll/fields/LastModifiedDate__c.field-meta.xml,A,CustomField LastModifiedDate__c,,,log,ðŸ“°
objects/UserRole_Home__dll/fields/MayForecastManagerShare__c.field-meta.xml,A,CustomField MayForecastManagerShare__c,,,log,ðŸ“°
objects/UserRole_Home__dll/fields/Name__c.field-meta.xml,A,CustomField Name__c,,,log,ðŸ“°
objects/UserRole_Home__dll/fields/ParentRoleId__c.field-meta.xml,A,CustomField ParentRoleId__c,,,log,ðŸ“°
objects/UserRole_Home__dll/fields/PortalAccountId__c.field-meta.xml,A,CustomField PortalAccountId__c,,,log,ðŸ“°
objects/UserRole_Home__dll/fields/PortalAccountOwnerId__c.field-meta.xml,A,CustomField PortalAccountOwnerId__c,,,log,ðŸ“°
objects/UserRole_Home__dll/fields/PortalRole__c.field-meta.xml,A,CustomField PortalRole__c,,,log,ðŸ“°
objects/UserRole_Home__dll/fields/PortalType__c.field-meta.xml,A,CustomField PortalType__c,,,log,ðŸ“°
objects/UserRole_Home__dll/fields/RollupDescription__c.field-meta.xml,A,CustomField RollupDescription__c,,,log,ðŸ“°
objects/UserRole_Home__dll/fields/SfdcOrganizationId__c.field-meta.xml,A,CustomField SfdcOrganizationId__c,,,log,ðŸ“°
objects/UserRole_Home__dll/fields/SystemModstamp__c.field-meta.xml,A,CustomField SystemModstamp__c,,,log,ðŸ“°
objects/UserRole_Home__dll/fields/cdp_sys_SourceVersion__c.field-meta.xml,A,CustomField cdp_sys_SourceVersion__c,,,log,ðŸ“°
permissionsets/sfdcInternalInt__sfdc_slack.permissionset-meta.xml," ",PermissionSet sfdcInternalInt__sfdc_slack,M,,log,ðŸ“°
profiles/Admin.profile-meta.xml," ",Profile Admin,M,,log,ðŸ“°
profiles/Analytics Cloud Integration User.profile-meta.xml," ",Profile Analytics Cloud Integration User,M,,log,ðŸ“°
profiles/Analytics Cloud Security User.profile-meta.xml," ",Profile Analytics Cloud Security User,M,,log,ðŸ“°
profiles/Anypoint Integration.profile-meta.xml," ",Profile Anypoint Integration,M,,log,ðŸ“°
profiles/B2BMA Integration User.profile-meta.xml," ",Profile B2BMA Integration User,M,,log,ðŸ“°
profiles/Billing User.profile-meta.xml," ",Profile Billing User,M,,log,ðŸ“°
profiles/Bot Profile.profile-meta.xml," ",Profile Bot Profile,M,,log,ðŸ“°
profiles/Business Development.profile-meta.xml," ",Profile Business Development,M,,log,ðŸ“°
profiles/Call Center.profile-meta.xml," ",Profile Call Center,M,,log,ðŸ“°
profiles/Chatter External User.profile-meta.xml," ",Profile Chatter External User,M,,log,ðŸ“°
profiles/Chatter Free User.profile-meta.xml," ",Profile Chatter Free User,M,,log,ðŸ“°
profiles/Chatter Moderator User.profile-meta.xml," ",Profile Chatter Moderator User,M,,log,ðŸ“°
profiles/Client Onboarding - Admin.profile-meta.xml," ",Profile Client Onboarding - Admin,M,,log,ðŸ“°
profiles/Client Onboarding - RM.profile-meta.xml," ",Profile Client Onboarding - RM,M,,log,ðŸ“°
profiles/Client Servicing Team.profile-meta.xml," ",Profile Client Servicing Team,M,,log,ðŸ“°
profiles/Compliance Manager.profile-meta.xml," ",Profile Compliance Manager,M,,log,ðŸ“°
profiles/ContractManager.profile-meta.xml," ",Profile ContractManager,M,,log,ðŸ“°
profiles/Director of Operations.profile-meta.xml," ",Profile Director of Operations,M,,log,ðŸ“°
profiles/Director of Sales.profile-meta.xml," ",Profile Director of Sales,M,,log,ðŸ“°
profiles/Distributions.profile-meta.xml," ",Profile Distributions,M,,log,ðŸ“°
profiles/ESW_Agentforce_MIAW_1748035300267 Profile.profile-meta.xml," ",Profile ESW_Agentforce_MIAW_1748035300267 Profile,M,,log,ðŸ“°
profiles/ESW_Agentforce_MIAW_1748385215843 Profile.profile-meta.xml," ",Profile ESW_Agentforce_MIAW_1748385215843 Profile,M,,log,ðŸ“°
profiles/ESW_CE_Chat_1692890394498 Profile.profile-meta.xml," ",Profile ESW_CE_Chat_1692890394498 Profile,M,,log,ðŸ“°
profiles/ESW_CE_Chat_Moe_1693182845676 Profile.profile-meta.xml," ",Profile ESW_CE_Chat_Moe_1693182845676 Profile,M,,log,ðŸ“°
profiles/ESW_Login_Help_1697133738638 Profile.profile-meta.xml," ",Profile ESW_Login_Help_1697133738638 Profile,M,,log,ðŸ“°
profiles/ESW_Login_Help_Simply_1700075140889 Profile.profile-meta.xml," ",Profile ESW_Login_Help_Simply_1700075140889 Profile,M,,log,ðŸ“°
profiles/ESW_Omni_Messaging_1694183770479 Profile.profile-meta.xml," ",Profile ESW_Omni_Messaging_1694183770479 Profile,M,,log,ðŸ“°
profiles/ESW_Omni_Messaging_CO_1696448547822 Profile.profile-meta.xml," ",Profile ESW_Omni_Messaging_CO_1696448547822 Profile,M,,log,ðŸ“°
profiles/ESW_Omni_Messaging_Sallus_1700075448386 Profile.profile-meta.xml," ",Profile ESW_Omni_Messaging_Sallus_1700075448386 Profile,M,,log,ðŸ“°
profiles/ESW_Omni_Messaging_Simply_1700076370188 Profile.profile-meta.xml," ",Profile ESW_Omni_Messaging_Simply_1700076370188 Profile,M,,log,ðŸ“°
profiles/ESW_QA_Login_1699666348585 Profile.profile-meta.xml," ",Profile ESW_QA_Login_1699666348585 Profile,M,,log,ðŸ“°
profiles/ESW_QA_Messaging_1699974036493 Profile.profile-meta.xml," ",Profile ESW_QA_Messaging_1699974036493 Profile,M,,log,ðŸ“°
profiles/ESW_Sales_Chat_1697460991337 Profile.profile-meta.xml," ",Profile ESW_Sales_Chat_1697460991337 Profile,M,,log,ðŸ“°
profiles/ESW_Sallus_Login_Chat_1700072925200 Profile.profile-meta.xml," ",Profile ESW_Sallus_Login_Chat_1700072925200 Profile,M,,log,ðŸ“°
profiles/Einstein Agent User.profile-meta.xml," ",Profile Einstein Agent User,M,,log,ðŸ“°
profiles/External Apps Login User.profile-meta.xml," ",Profile External Apps Login User,M,,log,ðŸ“°
profiles/Finance Manager Lightning.profile-meta.xml," ",Profile Finance Manager Lightning,M,,log,ðŸ“°
profiles/Guest License User.profile-meta.xml," ",Profile Guest License User,M,,log,ðŸ“°
profiles/Help Center Profile.profile-meta.xml," ",Profile Help Center Profile,M,,log,ðŸ“°
profiles/IT.profile-meta.xml," ",Profile IT,M,,log,ðŸ“°
profiles/Identity User.profile-meta.xml," ",Profile Identity User,M,,log,ðŸ“°
profiles/Incoming_SMS Profile.profile-meta.xml," ",Profile Incoming_SMS Profile,M,,log,ðŸ“°
profiles/Leadership Lightning.profile-meta.xml," ",Profile Leadership Lightning,M,,log,ðŸ“°
profiles/Leadership.profile-meta.xml," ",Profile Leadership,M,,log,ðŸ“°
profiles/Learning %26 Development.profile-meta.xml," ",Profile Learning %26 Development,M,,log,ðŸ“°
profiles/Lightning Client Onboarding.profile-meta.xml," ",Profile Lightning Client Onboarding,M,,log,ðŸ“°
profiles/Lightning Compliance.profile-meta.xml," ",Profile Lightning Compliance,M,,log,ðŸ“°
profiles/Lightning Saver User.profile-meta.xml," ",Profile Lightning Saver User,M,,log,ðŸ“°
profiles/Lightning Service Manager.profile-meta.xml," ",Profile Lightning Service Manager,M,,log,ðŸ“°
profiles/Lightning Service User.profile-meta.xml," ",Profile Lightning Service User,M,,log,ðŸ“°
profiles/Marketing Team.profile-meta.xml," ",Profile Marketing Team,M,,log,ðŸ“°
profiles/MarketingProfile.profile-meta.xml," ",Profile MarketingProfile,M,,log,ðŸ“°
profiles/Master Administrator.profile-meta.xml," ",Profile Master Administrator,M,,log,ðŸ“°
profiles/Minimum Access - API Only Integrations.profile-meta.xml," ",Profile Minimum Access - API Only Integrations,M,,log,ðŸ“°
profiles/Minimum Access - Salesforce.profile-meta.xml," ",Profile Minimum Access - Salesforce,M,,log,ðŸ“°
profiles/Operations VP.profile-meta.xml," ",Profile Operations VP,M,,log,ðŸ“°
profiles/Operations.profile-meta.xml," ",Profile Operations,M,,log,ðŸ“°
profiles/PSM Team.profile-meta.xml," ",Profile PSM Team,M,,log,ðŸ“°
profiles/Paradigm Help Center Profile.profile-meta.xml," ",Profile Paradigm Help Center Profile,M,,log,ðŸ“°
profiles/Payroll Koncierge.profile-meta.xml," ",Profile Payroll Koncierge,M,,log,ðŸ“°
profiles/Payroll Team.profile-meta.xml," ",Profile Payroll Team,M,,log,ðŸ“°
profiles/People %26 Culture.profile-meta.xml," ",Profile People %26 Culture,M,,log,ðŸ“°
profiles/Pre-chat Site Profile.profile-meta.xml," ",Profile Pre-chat Site Profile,M,,log,ðŸ“°
profiles/Product Innovation Leadership.profile-meta.xml," ",Profile Product Innovation Leadership,M,,log,ðŸ“°
profiles/Product Innovation User.profile-meta.xml," ",Profile Product Innovation User,M,,log,ðŸ“°
profiles/R%26W.profile-meta.xml," ",Profile R%26W,M,,log,ðŸ“°
profiles/Read Only.profile-meta.xml," ",Profile Read Only,M,,log,ðŸ“°
profiles/Sales Administrator.profile-meta.xml," ",Profile Sales Administrator,M,,log,ðŸ“°
profiles/Sales Coordinator.profile-meta.xml," ",Profile Sales Coordinator,M,,log,ðŸ“°
profiles/Sales Insights Integration User.profile-meta.xml," ",Profile Sales Insights Integration User,M,,log,ðŸ“°
profiles/Sales Team - Limited.profile-meta.xml," ",Profile Sales Team - Limited,M,,log,ðŸ“°
profiles/Sales Team.profile-meta.xml," ",Profile Sales Team,M,,log,ðŸ“°
profiles/Salesforce API Only System Integrations.profile-meta.xml," ",Profile Salesforce API Only System Integrations,M,,log,ðŸ“°
profiles/SalesforceIQ Integration User.profile-meta.xml," ",Profile SalesforceIQ Integration User,M,,log,ðŸ“°
profiles/Saver Manager.profile-meta.xml," ",Profile Saver Manager,M,,log,ðŸ“°
profiles/Simple Survey Profile.profile-meta.xml," ",Profile Simple Survey Profile,M,,log,ðŸ“°
profiles/Simply Help Center Profile.profile-meta.xml," ",Profile Simply Help Center Profile,M,,log,ðŸ“°
profiles/SolutionManager.profile-meta.xml," ",Profile SolutionManager,M,,log,ðŸ“°
profiles/Standard.profile-meta.xml," ",Profile Standard,M,,log,ðŸ“°
profiles/StandardAul.profile-meta.xml," ",Profile StandardAul,M,,log,ðŸ“°
profiles/Super System Administrator.profile-meta.xml," ",Profile Super System Administrator,M,,log,ðŸ“°
profiles/Sys Dev Admin.profile-meta.xml," ",Profile Sys Dev Admin,M,,log,ðŸ“°
profiles/Transitions Team.profile-meta.xml," ",Profile Transitions Team,M,,log,ðŸ“°
profiles/Ubiquity Help Center Profile.profile-meta.xml," ",Profile Ubiquity Help Center Profile,M,,log,ðŸ“°
profiles/Zoom Webhooks Profile.profile-meta.xml," ",Profile Zoom Webhooks Profile,M,,log,ðŸ“°
profiles/myubiquity Profile.profile-meta.xml," ",Profile myubiquity Profile,M,,log,ðŸ“°
settings/EAC.settings-meta.xml," ",Settings EAC,M,,log,ðŸ“°
siteDotComSites/Help_Center1.site," ",SiteDotCom Help_Center1,M,,log,ðŸ“°
siteDotComSites/Paradigm_Help_Center1.site," ",SiteDotCom Paradigm_Help_Center1,M,,log,ðŸ“°
siteDotComSites/Simply_Help_Center1.site," ",SiteDotCom Simply_Help_Center1,M,,log,ðŸ“°
siteDotComSites/Ubiquity_Help_Center1.site," ",SiteDotCom Ubiquity_Help_Center1,M,,log,ðŸ“°
wave/API.wdash," ",VirtualWave API.wdash,M,,log,ðŸ“°
wave/Apex_Executions.wdash," ",VirtualWave Apex_Executions.wdash,M,,log,ðŸ“°
wave/Dashboards.wdash," ",VirtualWave Dashboards.wdash,M,,log,ðŸ“°
wave/Files.wdash," ",VirtualWave Files.wdash,M,,log,ðŸ“°
wave/Lightning_Adoption.wdash," ",VirtualWave Lightning_Adoption.wdash,M,,log,ðŸ“°
wave/Lightning_Performance.wdash," ",VirtualWave Lightning_Performance.wdash,M,,log,ðŸ“°
wave/Login_As.wdash," ",VirtualWave Login_As.wdash,M,,log,ðŸ“°
wave/My_Trust.wdash," ",VirtualWave My_Trust.wdash,M,,log,ðŸ“°
wave/Page_Views_URIs.wdash," ",VirtualWave Page_Views_URIs.wdash,M,,log,ðŸ“°
wave/Report_Downloads.wdash," ",VirtualWave Report_Downloads.wdash,M,,log,ðŸ“°
wave/Reports.wdash," ",VirtualWave Reports.wdash,M,,log,ðŸ“°
wave/RestAPI.wdash," ",VirtualWave RestAPI.wdash,M,,log,ðŸ“°
wave/Setup_Audit_Trail.wdash," ",VirtualWave Setup_Audit_Trail.wdash,M,,log,ðŸ“°
wave/User_Logins.wdash," ",VirtualWave User_Logins.wdash,M,,log,ðŸ“°
wave/Visualforce_Requests.wdash," ",VirtualWave Visualforce_Requests.wdash,M,,log,ðŸ“°
wave/Wave_Adoption.wdash," ",VirtualWave Wave_Adoption.wdash,M,,log,ðŸ“°
manifest/package-all-org-items.xml," ",manifest/package-all-org-items.xml,M,,log,ðŸ“°
manifest/package-backup-items.xml," ",manifest/package-backup-items.xml,M,,log,ðŸ“°